"Gene","Nt_pos"
"ACIADrRNA16S_1/ACIADtRNAIle_1","intergenic (+18/-44)"
"ACIAD1233/ACIAD1235","intergenic (-640/-1285)"
"ACIAD1679/mucK","intergenic (+835/+1231)"
"ACIAD2249/ACIAD2251","intergenic (-741/+1215)"
"ACIAD2484/ACIAD2500","intergenic (+4508/+618)"
"tolR/tolB","intergenic (+498/-611)"
"tolR/tolB","intergenic (+568/-541)"
"ACIADrRNA5S_3/ACIADtRNAAla_2","intergenic (-44/+3474)"
"ACIADrRNA5S_3/ACIADtRNAAla_2","intergenic (-64/+3455)"
"ACIADrRNA5S_3/ACIADtRNAAla_2","intergenic (-97/+3422)"
"ACIADrRNA5S_3/ACIADtRNAAla_2","intergenic (-113/+3406)"
"ACIADrRNA5S_3/ACIADtRNAAla_2","intergenic (-116/+3402)"
"ACIADrRNA5S_3/ACIADtRNAAla_2","intergenic (-119/+3399)"
"ACIADrRNA5S_3/ACIADtRNAAla_2","intergenic (-122/+3396)"
"ACIADrRNA5S_3/ACIADtRNAAla_2","intergenic (-125/+3394)"
