"Name","Gene","Locus_tag","Nt_pos","Frequency"
"INIT1","ACIAD0641/trpA","ACIAD0641/ACIAD0642","intergenic (+170/-257)",0.0598139763
"INIT1","soxA","ACIAD2550","1991",0.127334595
"INIT1","ACIAD3184","ACIAD3184","1605",0.0816345215
"INIT1","ACIAD3429","ACIAD3429","996",0.172875404
"INIT1","ACIAD3462/actP","ACIAD3462/ACIAD3463","intergenic (+13/+27)",0.0762887001
"INIT1","ACIAD3520/ACIAD3521","ACIAD3520/ACIAD3521","intergenic (+35/-181)",0.108974457
"INIT2","nusA","ACIAD0368","331",0.186183929
"INIT2","nusA","ACIAD0368","343",0.151396275
"INIT2","nusA","ACIAD0368","394",0.0565800667
"INIT2","ACIAD2246","ACIAD2246","129",0.0764875412
"INIT2","rpoD","ACIAD2925","827",0.0876045227
"INIT2","ACIAD3543","ACIAD3543","390",0.129547596
